case_id,repository,behavior_family,guard_posture,view,sees_operation,sees_effect,sees_dependency_path,sees_trust_boundary,sees_guard,applicable_context_fields,retained_context_fields,applicable_context_count,expressive_context_fields,interpretation
HSQ-0014,dddabtc/winremote-mcp,shell command execution,no_guard_confirmed,sink_only,True,False,False,False,False,"['operation', 'effect', 'dependency', 'trust_boundary', 'guard_posture']",['operation'],5,1,API/operation presence only; guard and dependency context are invisible.
HSQ-0014,dddabtc/winremote-mcp,shell command execution,no_guard_confirmed,plain_adg,True,True,False,False,False,"['operation', 'effect', 'dependency', 'trust_boundary', 'guard_posture']","['operation', 'effect']",5,2,"Operation/effect structure is visible, but source dependency and guard posture are collapsed."
HSQ-0014,dddabtc/winremote-mcp,shell command execution,no_guard_confirmed,security_adg,True,True,True,True,False,"['operation', 'effect', 'dependency', 'trust_boundary', 'guard_posture']","['operation', 'effect', 'dependency', 'trust_boundary']",5,4,Security context is visible: dependency path and trust boundary are explicit; no guard evidence is confirmed.
HSQ-0087,dddabtc/winremote-mcp,application launch,no_guard_confirmed,sink_only,True,False,False,False,False,"['operation', 'effect', 'dependency', 'trust_boundary', 'guard_posture']",['operation'],5,1,API/operation presence only; guard and dependency context are invisible.
HSQ-0087,dddabtc/winremote-mcp,application launch,no_guard_confirmed,plain_adg,True,True,False,False,False,"['operation', 'effect', 'dependency', 'trust_boundary', 'guard_posture']","['operation', 'effect']",5,2,"Operation/effect structure is visible, but source dependency and guard posture are collapsed."
HSQ-0087,dddabtc/winremote-mcp,application launch,no_guard_confirmed,security_adg,True,True,True,True,False,"['operation', 'effect', 'dependency', 'trust_boundary', 'guard_posture']","['operation', 'effect', 'dependency', 'trust_boundary']",5,4,Security context is visible: dependency path and trust boundary are explicit; no guard evidence is confirmed.
HSQ-0089,dddabtc/winremote-mcp,desktop notification script,guarded,sink_only,True,False,False,False,False,"['operation', 'effect', 'dependency', 'trust_boundary', 'guard_posture']",['operation'],5,1,API/operation presence only; guard and dependency context are invisible.
HSQ-0089,dddabtc/winremote-mcp,desktop notification script,guarded,plain_adg,True,True,False,False,False,"['operation', 'effect', 'dependency', 'trust_boundary', 'guard_posture']","['operation', 'effect']",5,2,"Operation/effect structure is visible, but source dependency and guard posture are collapsed."
HSQ-0089,dddabtc/winremote-mcp,desktop notification script,guarded,security_adg,True,True,True,True,True,"['operation', 'effect', 'dependency', 'trust_boundary', 'guard_posture']","['operation', 'effect', 'dependency', 'trust_boundary', 'guard_posture']",5,5,Security context is visible: dependency path and trust boundary are explicit and guard evidence is preserved.
HSQ-0091,dddabtc/winremote-mcp,network diagnostic process,no_guard_confirmed,sink_only,True,False,False,False,False,"['operation', 'effect', 'dependency', 'trust_boundary', 'guard_posture']",['operation'],5,1,API/operation presence only; guard and dependency context are invisible.
HSQ-0091,dddabtc/winremote-mcp,network diagnostic process,no_guard_confirmed,plain_adg,True,True,False,False,False,"['operation', 'effect', 'dependency', 'trust_boundary', 'guard_posture']","['operation', 'effect']",5,2,"Operation/effect structure is visible, but source dependency and guard posture are collapsed."
HSQ-0091,dddabtc/winremote-mcp,network diagnostic process,no_guard_confirmed,security_adg,True,True,True,True,False,"['operation', 'effect', 'dependency', 'trust_boundary', 'guard_posture']","['operation', 'effect', 'dependency', 'trust_boundary']",5,4,Security context is visible: dependency path and trust boundary are explicit; no guard evidence is confirmed.
HSQ-0103,dddabtc/winremote-mcp,service control,guarded,sink_only,True,False,False,False,False,"['operation', 'effect', 'dependency', 'trust_boundary', 'guard_posture']",['operation'],5,1,API/operation presence only; guard and dependency context are invisible.
HSQ-0103,dddabtc/winremote-mcp,service control,guarded,plain_adg,True,True,False,False,False,"['operation', 'effect', 'dependency', 'trust_boundary', 'guard_posture']","['operation', 'effect']",5,2,"Operation/effect structure is visible, but source dependency and guard posture are collapsed."
HSQ-0103,dddabtc/winremote-mcp,service control,guarded,security_adg,True,True,True,True,True,"['operation', 'effect', 'dependency', 'trust_boundary', 'guard_posture']","['operation', 'effect', 'dependency', 'trust_boundary', 'guard_posture']",5,5,Security context is visible: dependency path and trust boundary are explicit and guard evidence is preserved.
HSQ-0211,nexu-io/html-anything,agent CLI discovery process,no_guard_confirmed,sink_only,True,False,False,False,False,"['operation', 'effect', 'dependency', 'trust_boundary', 'guard_posture']",['operation'],5,1,API/operation presence only; guard and dependency context are invisible.
HSQ-0211,nexu-io/html-anything,agent CLI discovery process,no_guard_confirmed,plain_adg,True,True,False,False,False,"['operation', 'effect', 'dependency', 'trust_boundary', 'guard_posture']","['operation', 'effect']",5,2,"Operation/effect structure is visible, but source dependency and guard posture are collapsed."
HSQ-0211,nexu-io/html-anything,agent CLI discovery process,no_guard_confirmed,security_adg,True,True,True,True,False,"['operation', 'effect', 'dependency', 'trust_boundary', 'guard_posture']","['operation', 'effect', 'dependency', 'trust_boundary']",5,4,Security context is visible: dependency path and trust boundary are explicit; no guard evidence is confirmed.
HSQ-0298,nexu-io/html-anything,external content file write,guarded,sink_only,True,False,False,False,False,"['operation', 'effect', 'dependency', 'trust_boundary', 'guard_posture']",['operation'],5,1,API/operation presence only; guard and dependency context are invisible.
HSQ-0298,nexu-io/html-anything,external content file write,guarded,plain_adg,True,True,False,False,False,"['operation', 'effect', 'dependency', 'trust_boundary', 'guard_posture']","['operation', 'effect']",5,2,"Operation/effect structure is visible, but source dependency and guard posture are collapsed."
HSQ-0298,nexu-io/html-anything,external content file write,guarded,security_adg,True,True,True,True,True,"['operation', 'effect', 'dependency', 'trust_boundary', 'guard_posture']","['operation', 'effect', 'dependency', 'trust_boundary', 'guard_posture']",5,5,Security context is visible: dependency path and trust boundary are explicit and guard evidence is preserved.
HSQ-0300,nexu-io/html-anything,external tarball extraction,guarded,sink_only,True,False,False,False,False,"['operation', 'effect', 'dependency', 'trust_boundary', 'guard_posture']",['operation'],5,1,API/operation presence only; guard and dependency context are invisible.
HSQ-0300,nexu-io/html-anything,external tarball extraction,guarded,plain_adg,True,True,False,False,False,"['operation', 'effect', 'dependency', 'trust_boundary', 'guard_posture']","['operation', 'effect']",5,2,"Operation/effect structure is visible, but source dependency and guard posture are collapsed."
HSQ-0300,nexu-io/html-anything,external tarball extraction,guarded,security_adg,True,True,True,True,True,"['operation', 'effect', 'dependency', 'trust_boundary', 'guard_posture']","['operation', 'effect', 'dependency', 'trust_boundary', 'guard_posture']",5,5,Security context is visible: dependency path and trust boundary are explicit and guard evidence is preserved.
HSQ-0302,nexu-io/html-anything,validated skill file write,guarded,sink_only,True,False,False,False,False,"['operation', 'effect', 'dependency', 'trust_boundary', 'guard_posture']",['operation'],5,1,API/operation presence only; guard and dependency context are invisible.
HSQ-0302,nexu-io/html-anything,validated skill file write,guarded,plain_adg,True,True,False,False,False,"['operation', 'effect', 'dependency', 'trust_boundary', 'guard_posture']","['operation', 'effect']",5,2,"Operation/effect structure is visible, but source dependency and guard posture are collapsed."
HSQ-0302,nexu-io/html-anything,validated skill file write,guarded,security_adg,True,True,True,True,True,"['operation', 'effect', 'dependency', 'trust_boundary', 'guard_posture']","['operation', 'effect', 'dependency', 'trust_boundary', 'guard_posture']",5,5,Security context is visible: dependency path and trust boundary are explicit and guard evidence is preserved.
